[
  {
    "title":"About Resonance",
    "description": {
        "title":"Hello, ResoNation.",
        "reasons": [
            "• Connect with a community of music lovers.",
            "• Learn about upcoming live events instantly.",
            "• Discover your new favorite artists."
        ],
        "subtitle":"Features"
      },
    "topics": [
      {
        "image":"connection_logo",
        "title":"Connect",
        "facts": [
          "• Connect with other resonators and artists",
          "• Build your music network for the next live concert!"
        ]
      },
      {
        "image":"tracking_logo",
        "title":"Tracking",
        "facts": [
          "• Track live events near you.",
          "• Receive suggested events tailored just to your taste."
        ]
      },
      {
        "image":"message_logo",
        "title":"Chat",
        "facts": [
          "• Chat over Bluetooth with your lost buddies."
        ]
      },
      {
        "image":"config_logo",
        "title":"Configurability",
        "facts": [
          "• Our app's seamless interface make connecting with others a breeze.",
          "• Customize, configure, and tailor according to your preferences."
        ]
      },
      {
        "image":"payments_logo",
        "title":"Payment Control",
        "facts": [
          "• You and other resonators can sell tickets!",
          "• Secure your transactions seamlessly."
        ]
      }
    ],
    "epilogue":"Plus more upcoming epic features."
  }
]
